{"cameraMode":{"drawMode":0,"name":"Shaded","section":"Shading Mode"},"sceneLighting":false,"audioPlay":false,"sceneViewState":{"showFog":true,"showMaterialUpdate":false,"showSkybox":false,"showFlares":true,"showImageEffects":true,"showParticleSystems":true},"in2DMode":false,"pivot":{"x":1.7320667505264283,"y":0.6444167494773865,"z":1.2397630214691163},"rotation":{"x":-0.08874821662902832,"y":0.8967705965042114,"z":-0.2097928375005722,"w":-0.37935900688171389},"size":1.8487858772277833,"orthographic":false}