{"cameraMode":{"drawMode":0,"name":"Shaded","section":"Shading Mode"},"sceneLighting":false,"audioPlay":false,"sceneViewState":{"showFog":true,"showMaterialUpdate":false,"showSkybox":false,"showFlares":true,"showImageEffects":true,"showParticleSystems":true},"in2DMode":false,"pivot":{"x":6.32444953918457,"y":-0.788192868232727,"z":5.734463691711426},"rotation":{"x":-0.04250020161271095,"y":0.9278310537338257,"z":-0.1115935891866684,"w":-0.35337957739830019},"size":0.04330136626958847,"orthographic":false}